num,file,video_id,publish_at_utc,at
62,62_stoyak.mp4,qjHD0YdipPU,2026-10-05T09:00:00Z,2026-10-05T06:39:38Z
25,25_teku.mp4,Blk6Su-sqqg,2026-10-05T16:00:00Z,2026-10-05T06:39:54Z
49,49_zerkalo.mp4,pKGptTQylLw,2026-10-06T09:00:00Z,2026-10-05T06:40:06Z
34,34_paket.mp4,WShBTdV2wBA,2026-10-06T16:00:00Z,2026-10-05T06:40:19Z
103,103_moe_mesto.mp4,NDvngZ8pl8U,2026-10-07T09:00:00Z,2026-10-05T06:40:29Z
74,74_tormoza.mp4,rz_iv6B4WG8,2026-10-07T16:00:00Z,2026-10-05T06:40:41Z
29,29_avtosalon.mp4,TR27SdTrtdg,2026-10-08T09:00:00Z,2026-10-05T06:40:51Z
27,27_shinomontazh.mp4,hKBGp2kOF18,2026-10-08T16:00:00Z,2026-10-05T06:41:05Z
45,45_dieta.mp4,7eG9jptFTGA,2026-10-09T09:00:00Z,2026-10-05T06:41:13Z
33,33_taksi.mp4,C1R6PbRk_oE,2026-10-09T16:00:00Z,2026-10-05T06:41:22Z
