date,video_id,name,published_at,age_hours,views,likes,comments,avg_view_pct,avg_view_sec,subs_gained,impressions,ctr
2026-09-30,1H3sGfvbnMc,head_tilt_questions,2026-09-29T14:57:45Z,23.3,0,0,0,,,,,
2026-09-30,BWy923SiUak,strawberry_on_knee,2026-09-29T14:57:14Z,23.3,0,0,0,,,,,
2026-09-30,JtY2SBJkIr8,baby_barks_first,2026-09-29T14:57:40Z,23.3,0,0,0,,,,,
2026-09-30,Muix4GVGOA4,brushing_ears,2026-09-29T14:57:50Z,23.3,0,0,0,,,,,
2026-09-30,Y-oswoYvjVo,bedtime_meltdown,2026-09-29T14:57:56Z,23.3,0,0,0,,,,,
2026-09-30,amPukxgKWZU,grumpy_then_hug,2026-09-29T14:57:19Z,23.3,0,0,0,,,,,
2026-09-30,hegptbz7gdA,bedtime_story,2026-09-29T14:57:29Z,23.3,0,0,0,,,,,
2026-09-30,nU2oRBRvJVQ,serious_lecture,2026-09-29T14:57:09Z,23.3,0,0,0,,,,,
2026-09-30,vLMLMYRst5I,patience_level_puppy,2026-09-29T14:57:24Z,23.3,0,0,0,,,,,
2026-09-30,vbwE6rWMGDY,banana_big_bite,2026-09-29T14:57:34Z,23.3,0,0,0,,,,,
2026-10-01,1H3sGfvbnMc,head_tilt_questions,2026-09-29T14:57:45Z,47.8,0,0,0,,,,,
2026-10-01,BWy923SiUak,strawberry_on_knee,2026-09-29T14:57:14Z,47.8,0,0,0,,,,,
2026-10-01,JtY2SBJkIr8,baby_barks_first,2026-09-29T14:57:40Z,47.8,0,0,0,,,,,
2026-10-01,Muix4GVGOA4,brushing_ears,2026-09-29T14:57:50Z,47.8,0,0,0,,,,,
2026-10-01,Y-oswoYvjVo,bedtime_meltdown,2026-09-29T14:57:56Z,47.8,0,0,0,,,,,
2026-10-01,amPukxgKWZU,grumpy_then_hug,2026-09-29T14:57:19Z,47.8,0,0,0,,,,,
2026-10-01,hegptbz7gdA,bedtime_story,2026-09-29T14:57:29Z,47.8,0,0,0,,,,,
2026-10-01,nU2oRBRvJVQ,serious_lecture,2026-09-30T16:30:00Z,22.3,50,0,0,,,,,
2026-10-01,vLMLMYRst5I,patience_level_puppy,2026-09-29T14:57:24Z,47.8,0,0,0,,,,,
2026-10-01,vbwE6rWMGDY,banana_big_bite,2026-09-29T14:57:34Z,47.8,0,0,0,,,,,
2026-10-02,1H3sGfvbnMc,head_tilt_questions,2026-09-29T14:57:45Z,71.2,0,0,0,,,,,
2026-10-02,BWy923SiUak,strawberry_on_knee,2026-10-01T16:30:02Z,21.7,13,0,0,,,,,
2026-10-02,JtY2SBJkIr8,baby_barks_first,2026-09-29T14:57:40Z,71.2,0,0,0,,,,,
2026-10-02,Muix4GVGOA4,brushing_ears,2026-09-29T14:57:50Z,71.2,0,0,0,,,,,
2026-10-02,Y-oswoYvjVo,bedtime_meltdown,2026-09-29T14:57:56Z,71.2,0,0,0,,,,,
2026-10-02,amPukxgKWZU,grumpy_then_hug,2026-09-29T14:57:19Z,71.2,0,0,0,,,,,
2026-10-02,hegptbz7gdA,bedtime_story,2026-09-29T14:57:29Z,71.2,0,0,0,,,,,
2026-10-02,nU2oRBRvJVQ,serious_lecture,2026-09-30T16:30:00Z,45.7,61,0,0,,,,,
2026-10-02,vLMLMYRst5I,patience_level_puppy,2026-09-29T14:57:24Z,71.2,0,0,0,,,,,
2026-10-02,vbwE6rWMGDY,banana_big_bite,2026-09-29T14:57:34Z,71.2,0,0,0,,,,,
2026-10-03,1H3sGfvbnMc,head_tilt_questions,2026-09-29T14:57:45Z,93.8,0,0,0,,,,,
2026-10-03,BWy923SiUak,strawberry_on_knee,2026-10-01T16:30:02Z,44.2,26,0,0,,,,,
2026-10-03,JtY2SBJkIr8,baby_barks_first,2026-09-29T14:57:40Z,93.8,0,0,0,,,,,
2026-10-03,Muix4GVGOA4,brushing_ears,2026-09-29T14:57:50Z,93.8,0,0,0,,,,,
2026-10-03,Y-oswoYvjVo,bedtime_meltdown,2026-09-29T14:57:56Z,93.8,0,0,0,,,,,
2026-10-03,amPukxgKWZU,grumpy_then_hug,2026-10-02T16:30:07Z,20.2,8,0,0,,,,,
2026-10-03,hegptbz7gdA,bedtime_story,2026-09-29T14:57:29Z,93.8,0,0,0,,,,,
2026-10-03,nU2oRBRvJVQ,serious_lecture,2026-09-30T16:30:00Z,68.2,66,0,0,133.9,14.0,0,,
2026-10-03,vLMLMYRst5I,patience_level_puppy,2026-09-29T14:57:24Z,93.8,0,0,0,,,,,
2026-10-03,vbwE6rWMGDY,banana_big_bite,2026-09-29T14:57:34Z,93.8,0,0,0,,,,,
2026-10-04,1H3sGfvbnMc,head_tilt_questions,2026-09-29T14:57:45Z,118.5,0,0,0,,,,,
2026-10-04,BWy923SiUak,strawberry_on_knee,2026-10-01T16:30:02Z,69.0,28,0,0,134.84,14.0,0,,
2026-10-04,JtY2SBJkIr8,baby_barks_first,2026-09-29T14:57:40Z,118.5,0,0,0,,,,,
2026-10-04,Muix4GVGOA4,brushing_ears,2026-09-29T14:57:50Z,118.5,0,0,0,,,,,
2026-10-04,Y-oswoYvjVo,bedtime_meltdown,2026-09-29T14:57:56Z,118.5,0,0,0,,,,,
2026-10-04,amPukxgKWZU,grumpy_then_hug,2026-10-02T16:30:07Z,45.0,16,0,0,,,,,
2026-10-04,hegptbz7gdA,bedtime_story,2026-09-29T14:57:29Z,118.5,0,0,0,,,,,
2026-10-04,nU2oRBRvJVQ,serious_lecture,2026-09-30T16:30:00Z,93.0,66,0,0,120.74000000000001,13.0,0,,
2026-10-04,vLMLMYRst5I,patience_level_puppy,2026-10-03T14:00:31Z,23.5,10,0,0,,,,,
2026-10-04,vbwE6rWMGDY,banana_big_bite,2026-09-29T14:57:34Z,118.5,0,0,0,,,,,
2026-10-05,1H3sGfvbnMc,head_tilt_questions,2026-09-29T14:57:45Z,145.4,0,0,0,,,,,
2026-10-05,BWy923SiUak,strawberry_on_knee,2026-10-01T16:30:02Z,95.9,28,0,0,130.93,14.0,0,,
2026-10-05,JtY2SBJkIr8,baby_barks_first,2026-09-29T14:57:40Z,145.4,0,0,0,,,,,
2026-10-05,Muix4GVGOA4,brushing_ears,2026-09-29T14:57:50Z,145.4,0,0,0,,,,,
2026-10-05,Y-oswoYvjVo,bedtime_meltdown,2026-09-29T14:57:56Z,145.4,1,0,0,,,,,
2026-10-05,amPukxgKWZU,grumpy_then_hug,2026-10-02T16:30:07Z,71.9,25,0,0,88.27,9.0,0,,
2026-10-05,hegptbz7gdA,bedtime_story,2026-10-04T14:00:09Z,26.4,8,0,0,,,,,
2026-10-05,nU2oRBRvJVQ,serious_lecture,2026-09-30T16:30:00Z,119.9,66,0,0,118.16,12.0,0,,
2026-10-05,vLMLMYRst5I,patience_level_puppy,2026-10-03T14:00:31Z,50.4,24,0,0,,,,,
2026-10-05,vbwE6rWMGDY,banana_big_bite,2026-09-29T14:57:34Z,145.4,0,0,0,,,,,
