name,video_id,publish_at_utc,at
serious_lecture,nU2oRBRvJVQ,2026-09-30T16:30:00Z,2026-09-29T14:57:14Z
strawberry_on_knee,BWy923SiUak,2026-10-01T16:30:00Z,2026-09-29T14:57:19Z
grumpy_then_hug,amPukxgKWZU,2026-10-02T16:30:00Z,2026-09-29T14:57:24Z
patience_level_puppy,vLMLMYRst5I,2026-10-03T14:00:00Z,2026-09-29T14:57:29Z
bedtime_story,hegptbz7gdA,2026-10-04T14:00:00Z,2026-09-29T14:57:34Z
banana_big_bite,vbwE6rWMGDY,2026-10-05T16:30:00Z,2026-09-29T14:57:39Z
baby_barks_first,JtY2SBJkIr8,2026-10-06T16:30:00Z,2026-09-29T14:57:45Z
head_tilt_questions,1H3sGfvbnMc,2026-10-07T16:30:00Z,2026-09-29T14:57:50Z
brushing_ears,Muix4GVGOA4,2026-10-08T16:30:00Z,2026-09-29T14:57:56Z
bedtime_meltdown,Y-oswoYvjVo,2026-10-09T16:30:00Z,2026-09-29T14:58:01Z
