name,type,risk
serious_lecture,разговор,низкий
patience_level_puppy,разговор,низкий
puppy_talks_back,разговор,средний
chewed_slipper_trial,разговор,средний
toy_phone_call,разговор,низкий
sit_means_flop,разговор,низкий
no_means_bunny,разговор,низкий
head_tilt_questions,разговор,низкий
blocks_mess_apology,разговор,средний
crying_duet,разговор,средний
strawberry_on_knee,еда,низкий
banana_big_bite,еда,средний
noodle_beard,еда,высокий
watermelon_two_ends,еда,средний
rice_cake_crunch,еда,низкий
lemon_face,еда,низкий
smash_cake_nose,еда,средний
drool_politely,еда,низкий
bedtime_story,сон,низкий
bedtime_meltdown,сон,средний
yawn_contagion,сон,низкий
snore_copycat,сон,низкий
baby_barks_first,звук,низкий
mama_lesson,подражание,средний
crawl_copycat,подражание,средний
tummy_toot,звук,низкий
copy_the_tongue,подражание,низкий
grumpy_then_hug,нежность,низкий
ball_for_tears,нежность,средний
tail_bonk,конфликт,средний
peekaboo_boo,игра,средний
toy_doctor,забота,средний
brushing_ears,забота,низкий
blanket_tuck_in,забота,средний
sun_hat_swap,одежда,высокий
bib_for_puppy,одежда,низкий
cat_takes_the_middle,третий,высокий
cat_judge,третий,высокий
puppy_bath_shake,вода,высокий
leaf_pile_dive,игра,высокий
