video_id,name,type,risk,title,published_at,duration_s,views,likes,comments,avg_view_pct,avg_view_sec,subs_gained,impressions,ctr,updated_at
JtY2SBJkIr8,baby_barks_first,звук,низкий,"Baby Says ""Woof!""… and the Puppy Answers Back",2026-10-06T16:30:31Z,11,20,0,0,,,,,,2026-10-07T14:45:09+00:00
vbwE6rWMGDY,banana_big_bite,еда,средний,"""Just One Bite,"" She Said. The Puppy Took Half 🍌",2026-10-05T16:30:03Z,11,14,0,0,,,,,,2026-10-07T14:45:09+00:00
hegptbz7gdA,bedtime_story,сон,низкий,Bedtime Story for the Puppy… Guess Who Fell Asleep,2026-10-04T14:00:09Z,11,18,0,0,74.12,8.0,0,,,2026-10-07T14:45:09+00:00
vLMLMYRst5I,patience_level_puppy,разговор,низкий,Golden Puppy Hears Out Her Whole Story (Barely),2026-10-03T14:00:31Z,11,27,0,0,111.57999999999998,12.0,0,,,2026-10-07T14:45:09+00:00
amPukxgKWZU,grumpy_then_hug,нежность,низкий,She's Mad at Her Puppy… He Knows Exactly What to Do,2026-10-02T16:30:07Z,11,25,0,0,86.0,9.0,0,,,2026-10-07T14:45:09+00:00
BWy923SiUak,strawberry_on_knee,еда,низкий,Puppy Steals the Strawberry Right Off Her Knee 🍓,2026-10-01T16:30:02Z,11,28,0,0,128.96,14.0,0,,,2026-10-07T14:45:09+00:00
nU2oRBRvJVQ,serious_lecture,разговор,низкий,Baby Scolds Her Puppy… and He Talks Back 🐶,2026-09-30T16:30:00Z,11,66,0,0,118.16,12.0,0,,,2026-10-07T14:45:09+00:00
Y-oswoYvjVo,bedtime_meltdown,сон,средний,"Mom Said ""Bedtime!""… Both of Them Lost It",2026-09-29T14:57:56Z,11,1,0,0,,,,,,2026-10-07T14:45:09+00:00
Muix4GVGOA4,brushing_ears,забота,низкий,She Brushes Her Puppy's Ears… He Completely Melts,2026-09-29T14:57:50Z,11,0,0,0,,,,,,2026-10-07T14:45:09+00:00
1H3sGfvbnMc,head_tilt_questions,разговор,низкий,Every Question Gets a Head Tilt… Until the Third,2026-09-29T14:57:45Z,11,0,0,0,,,,,,2026-10-07T14:45:09+00:00
